{"sum": 271501.0, "avr": 513.234404536862, "sumMD": 11786.0, "avrMD": 512.4347826086956, "sumSD": 9682.0, "avrSD": 420.95652173913044, "max": 992.0, "min": 102.0}