{"optimized_memory_usage": 45755863, "optimized_column_memory_usage": {"Index": 132, "id": 20000, "description": 35858149, "key_skills": 967922, "schedule_id": 5494, "schedule_name": 5854, "accept_handicapped": 5000, "accept_kids": 5000, "experience_id": 5445, "experience_name": 5691, "specializations": 2411675, "contacts": 31845, "billing_type_id": 5432, "billing_type_name": 5655, "allow_messages": 5000, "premium": 5000, "driver_license_types": 5166, "accept_incomplete_resumes": 5000, "employer_id": 20000, "employer_name": 375650, "employer_vacancies_url": 319936, "employer_trusted": 5082, "employer_alternate_url": 279816, "employer_industries": 296286, "response_letter_required": 5000, "type_id": 5298, "type_name": 5461, "has_test": 5000, "response_url": 5383, "test_required": 5082, "salary_from": 20000, "salary_to": 20000, "salary_gross": 5082, "salary_currency": 5720, "archived": 5000, "name": 936029, "insider_interview": 7229, "area_id": 10000, "area_name": 75177, "area_url": 60186, "created_at": 405000, "published_at": 405000, "address_city": 39268, "address_street": 172621, "address_building": 85942, "address_description": 20000, "address_lat": 20000, "address_lng": 20000, "alternate_url": 435000, "apply_alternate_url": 580000, "code": 9326, "department_id": 11382, "department_name": 14178, "employment_id": 5424, "employment_name": 5745, "prof_classes_found": 26970, "terms_found": 1674130}, "optimized_column_memory_percentage": {"Index": 0.00028848761960844233, "id": 0.04371024539521853, "description": 78.3684246104155, "key_skills": 2.1154054071715356, "schedule_id": 0.012007204410066532, "schedule_name": 0.012793988827180464, "accept_handicapped": 0.010927561348804633, "accept_kids": 0.010927561348804633, "experience_id": 0.011900114308848245, "experience_name": 0.012437750327209434, "specializations": 5.270745303175683, "contacts": 0.06959763823053672, "billing_type_id": 0.011871702649341353, "billing_type_name": 0.01235907188549804, "allow_messages": 0.010927561348804633, "premium": 0.010927561348804633, "driver_license_types": 0.011290356385584946, "accept_incomplete_resumes": 0.010927561348804633, "employer_id": 0.04371024539521853, "employer_name": 0.8209876841356921, "employer_vacancies_url": 0.6992240535382318, "employer_trusted": 0.011106773354925029, "employer_alternate_url": 0.6115413012754234, "employer_industries": 0.6475366883583858, "response_letter_required": 0.010927561348804633, "type_id": 0.011578844005193389, "type_name": 0.01193508250516442, "has_test": 0.010927561348804633, "response_url": 0.011764612548123068, "test_required": 0.011106773354925029, "salary_from": 0.04371024539521853, "salary_to": 0.04371024539521853, "salary_gross": 0.011106773354925029, "salary_currency": 0.012501130183032498, "archived": 0.010927561348804633, "name": 2.0457028643520503, "insider_interview": 0.01579906819810174, "area_id": 0.021855122697609267, "area_name": 0.1643002559038172, "area_url": 0.13153724146783113, "created_at": 0.8851324692531753, "published_at": 0.8851324692531753, "address_city": 0.08582069580897206, "address_street": 0.37726531351840087, "address_building": 0.18782729548779353, "address_description": 0.04371024539521853, "address_lat": 0.04371024539521853, "address_lng": 0.04371024539521853, "alternate_url": 0.9506978373460031, "apply_alternate_url": 1.2675971164613375, "code": 0.0203820874277904, "department_id": 0.024875500654418868, "department_name": 0.030986192960670414, "employment_id": 0.011854218551183265, "employment_name": 0.012555767989776522, "prof_classes_found": 0.05894326591545219, "terms_found": 3.6588316561748604}}