{"file_memory_usage": 39469349, "memory_usage": 39469349, "column_stats": {"memory_usage": {"Index": 132, "id": 40000, "description": 20087025, "key_skills": 967922, "schedule_id": 319810, "schedule_name": 531808, "accept_handicapped": 5000, "accept_kids": 5000, "experience_id": 344691, "experience_name": 558594, "specializations": 2544006, "contacts": 183180, "billing_type_id": 327686, "billing_type_name": 497160, "allow_messages": 5000, "premium": 5000, "driver_license_types": 160364, "accept_incomplete_resumes": 5000, "employer_id": 40000, "employer_name": 504960, "employer_vacancies_url": 513482, "employer_trusted": 179964, "employer_alternate_url": 428635, "employer_industries": 1553270, "response_letter_required": 5000, "type_id": 305049, "type_name": 490022, "has_test": 5000, "response_url": 160211, "test_required": 160116, "salary_from": 40000, "salary_to": 40000, "salary_gross": 170372, "salary_currency": 232912, "archived": 5000, "name": 687524, "insider_interview": 164922, "area_id": 40000, "area_name": 496306, "area_url": 414884, "created_at": 405000, "published_at": 405000, "address_city": 306244, "address_street": 349373, "address_building": 243764, "address_description": 40000, "address_lat": 40000, "address_lng": 40000, "alternate_url": 435000, "apply_alternate_url": 580000, "code": 162279, "department_id": 171785, "department_name": 185527, "employment_id": 305373, "employment_name": 571158, "prof_classes_found": 329709, "terms_found": 1674130}, "memory_percentage": {"Index": 0.00033443672962531, "id": 0.10134446352282121, "description": 50.89271930986244, "key_skills": 2.452338395548404, "schedule_id": 0.8102743219808364, "schedule_name": 1.3473949114286126, "accept_handicapped": 0.012668057940352652, "accept_kids": 0.012668057940352652, "experience_id": 0.8733131119036193, "experience_name": 1.4152602314266698, "specializations": 6.445523081720958, "contacts": 0.46410697070275975, "billing_type_id": 0.8302290468484799, "billing_type_name": 1.2596103371251448, "allow_messages": 0.012668057940352652, "premium": 0.012668057940352652, "driver_license_types": 0.40630008870934253, "accept_incomplete_resumes": 0.012668057940352652, "employer_id": 0.10134446352282121, "employer_name": 1.279372507512095, "employer_vacancies_url": 1.300963945465632, "employer_trusted": 0.4559588758355249, "employer_alternate_url": 1.0859946030526118, "employer_industries": 3.9353828714023127, "response_letter_required": 0.012668057940352652, "type_id": 0.7728756813293272, "type_name": 1.2415254176094974, "has_test": 0.012668057940352652, "response_url": 0.40591244613636773, "test_required": 0.405671753035501, "salary_from": 0.10134446352282121, "salary_to": 0.10134446352282121, "salary_gross": 0.4316564734827524, "salary_currency": 0.5901085422006833, "archived": 0.012668057940352652, "name": 1.7419187734766033, "insider_interview": 0.417848290327768, "area_id": 0.10134446352282121, "area_name": 1.2574466328289327, "area_url": 1.051154910105054, "created_at": 1.0261126931685647, "published_at": 1.0261126931685647, "address_city": 0.7759033471770714, "address_street": 0.8851754813589654, "address_building": 0.6176032951544248, "address_description": 0.10134446352282121, "address_lat": 0.10134446352282121, "address_lng": 0.10134446352282121, "alternate_url": 1.1021210408106807, "apply_alternate_url": 1.4694947210809077, "code": 0.4111519549004976, "department_id": 0.4352364666566961, "department_name": 0.47005335709996127, "employment_id": 0.7736965714838621, "employment_name": 1.447092527419188, "prof_classes_found": 0.8353545430911465, "terms_found": 4.2415951679365165}, "data_types": {"id": "int64", "description": "object", "key_skills": "object", "schedule_id": "object", "schedule_name": "object", "accept_handicapped": "bool", "accept_kids": "bool", "experience_id": "object", "experience_name": "object", "specializations": "object", "contacts": "object", "billing_type_id": "object", "billing_type_name": "object", "allow_messages": "bool", "premium": "bool", "driver_license_types": "object", "accept_incomplete_resumes": "bool", "employer_id": "float64", "employer_name": "object", "employer_vacancies_url": "object", "employer_trusted": "object", "employer_alternate_url": "object", "employer_industries": "object", "response_letter_required": "bool", "type_id": "object", "type_name": "object", "has_test": "bool", "response_url": "object", "test_required": "object", "salary_from": "float64", "salary_to": "float64", "salary_gross": "object", "salary_currency": "object", "archived": "bool", "name": "object", "insider_interview": "object", "area_id": "int64", "area_name": "object", "area_url": "object", "created_at": "object", "published_at": "object", "address_city": "object", "address_street": "object", "address_building": "object", "address_description": "float64", "address_lat": "float64", "address_lng": "float64", "alternate_url": "object", "apply_alternate_url": "object", "code": "object", "department_id": "object", "department_name": "object", "employment_id": "object", "employment_name": "object", "prof_classes_found": "object", "terms_found": "object"}}, "sorted_columns": ["address_lng", "salary_from", "address_lat", "address_description", "area_id", "salary_to", "employer_id", "id", "archived", "response_letter_required", "has_test", "accept_incomplete_resumes", "premium", "allow_messages", "accept_kids", "accept_handicapped", "Index"]}