{"optimized_memory_usage": 780829, "optimized_column_memory_usage": {"Index": 132, "YEAR": 10000, "MONTH": 5000, "DAY": 5000, "DAY_OF_WEEK": 5000, "AIRLINE": 6382, "FLIGHT_NUMBER": 10000, "TAIL_NUMBER": 314801, "ORIGIN_AIRPORT": 35636, "DESTINATION_AIRPORT": 33596, "SCHEDULED_DEPARTURE": 10000, "DEPARTURE_TIME": 20000, "DEPARTURE_DELAY": 20000, "TAXI_OUT": 20000, "WHEELS_OFF": 20000, "SCHEDULED_TIME": 10000, "ELAPSED_TIME": 20000, "AIR_TIME": 20000, "DISTANCE": 10000, "WHEELS_ON": 20000, "TAXI_IN": 20000, "SCHEDULED_ARRIVAL": 10000, "ARRIVAL_TIME": 20000, "ARRIVAL_DELAY": 20000, "DIVERTED": 5000, "CANCELLED": 5000, "CANCELLATION_REASON": 5282, "AIR_SYSTEM_DELAY": 20000, "SECURITY_DELAY": 20000, "AIRLINE_DELAY": 20000, "LATE_AIRCRAFT_DELAY": 20000, "WEATHER_DELAY": 20000}, "optimized_column_memory_percentage": {"Index": 0.01690510982558281, "YEAR": 1.280690138301728, "MONTH": 0.640345069150864, "DAY": 0.640345069150864, "DAY_OF_WEEK": 0.640345069150864, "AIRLINE": 0.8173364462641629, "FLIGHT_NUMBER": 1.280690138301728, "TAIL_NUMBER": 40.31625362275223, "ORIGIN_AIRPORT": 4.563867376852038, "DESTINATION_AIRPORT": 4.302606588638485, "SCHEDULED_DEPARTURE": 1.280690138301728, "DEPARTURE_TIME": 2.561380276603456, "DEPARTURE_DELAY": 2.561380276603456, "TAXI_OUT": 2.561380276603456, "WHEELS_OFF": 2.561380276603456, "SCHEDULED_TIME": 1.280690138301728, "ELAPSED_TIME": 2.561380276603456, "AIR_TIME": 2.561380276603456, "DISTANCE": 1.280690138301728, "WHEELS_ON": 2.561380276603456, "TAXI_IN": 2.561380276603456, "SCHEDULED_ARRIVAL": 1.280690138301728, "ARRIVAL_TIME": 2.561380276603456, "ARRIVAL_DELAY": 2.561380276603456, "DIVERTED": 0.640345069150864, "CANCELLED": 0.640345069150864, "CANCELLATION_REASON": 0.6764605310509727, "AIR_SYSTEM_DELAY": 2.561380276603456, "SECURITY_DELAY": 2.561380276603456, "AIRLINE_DELAY": 2.561380276603456, "LATE_AIRCRAFT_DELAY": 2.561380276603456, "WEATHER_DELAY": 2.561380276603456}}