{"file_memory_usage": 2417395, "memory_usage": 2417395, "column_memory_usage": {"Index": 132, "YEAR": 40000, "MONTH": 40000, "DAY": 40000, "DAY_OF_WEEK": 40000, "AIRLINE": 295000, "FLIGHT_NUMBER": 40000, "TAIL_NUMBER": 314801, "ORIGIN_AIRPORT": 300000, "DESTINATION_AIRPORT": 300000, "SCHEDULED_DEPARTURE": 40000, "DEPARTURE_TIME": 40000, "DEPARTURE_DELAY": 40000, "TAXI_OUT": 40000, "WHEELS_OFF": 40000, "SCHEDULED_TIME": 40000, "ELAPSED_TIME": 40000, "AIR_TIME": 40000, "DISTANCE": 40000, "WHEELS_ON": 40000, "TAXI_IN": 40000, "SCHEDULED_ARRIVAL": 40000, "ARRIVAL_TIME": 40000, "ARRIVAL_DELAY": 40000, "DIVERTED": 40000, "CANCELLED": 40000, "CANCELLATION_REASON": 167462, "AIR_SYSTEM_DELAY": 40000, "SECURITY_DELAY": 40000, "AIRLINE_DELAY": 40000, "LATE_AIRCRAFT_DELAY": 40000, "WEATHER_DELAY": 40000}, "column_memory_percentage": {"Index": 0.005460423306906815, "YEAR": 1.6546737293657015, "MONTH": 1.6546737293657015, "DAY": 1.6546737293657015, "DAY_OF_WEEK": 1.6546737293657015, "AIRLINE": 12.203218754072049, "FLIGHT_NUMBER": 1.6546737293657015, "TAIL_NUMBER": 13.022323616951306, "ORIGIN_AIRPORT": 12.410052970242761, "DESTINATION_AIRPORT": 12.410052970242761, "SCHEDULED_DEPARTURE": 1.6546737293657015, "DEPARTURE_TIME": 1.6546737293657015, "DEPARTURE_DELAY": 1.6546737293657015, "TAXI_OUT": 1.6546737293657015, "WHEELS_OFF": 1.6546737293657015, "SCHEDULED_TIME": 1.6546737293657015, "ELAPSED_TIME": 1.6546737293657015, "AIR_TIME": 1.6546737293657015, "DISTANCE": 1.6546737293657015, "WHEELS_ON": 1.6546737293657015, "TAXI_IN": 1.6546737293657015, "SCHEDULED_ARRIVAL": 1.6546737293657015, "ARRIVAL_TIME": 1.6546737293657015, "ARRIVAL_DELAY": 1.6546737293657015, "DIVERTED": 1.6546737293657015, "CANCELLED": 1.6546737293657015, "CANCELLATION_REASON": 6.927374301675977, "AIR_SYSTEM_DELAY": 1.6546737293657015, "SECURITY_DELAY": 1.6546737293657015, "AIRLINE_DELAY": 1.6546737293657015, "LATE_AIRCRAFT_DELAY": 1.6546737293657015, "WEATHER_DELAY": 1.6546737293657015}, "column_data_types": {"YEAR": "int64", "MONTH": "int64", "DAY": "int64", "DAY_OF_WEEK": "int64", "AIRLINE": "object", "FLIGHT_NUMBER": "int64", "TAIL_NUMBER": "object", "ORIGIN_AIRPORT": "object", "DESTINATION_AIRPORT": "object", "SCHEDULED_DEPARTURE": "int64", "DEPARTURE_TIME": "float64", "DEPARTURE_DELAY": "float64", "TAXI_OUT": "float64", "WHEELS_OFF": "float64", "SCHEDULED_TIME": "int64", "ELAPSED_TIME": "float64", "AIR_TIME": "float64", "DISTANCE": "int64", "WHEELS_ON": "float64", "TAXI_IN": "float64", "SCHEDULED_ARRIVAL": "int64", "ARRIVAL_TIME": "float64", "ARRIVAL_DELAY": "float64", "DIVERTED": "int64", "CANCELLED": "int64", "CANCELLATION_REASON": "object", "AIR_SYSTEM_DELAY": "float64", "SECURITY_DELAY": "float64", "AIRLINE_DELAY": "float64", "LATE_AIRCRAFT_DELAY": "float64", "WEATHER_DELAY": "float64"}}