{"file_memory_usage": 812722254, "memory_usage": 812722254, "column_stats": {"memory_usage": {"Index": 132, "id": 62304060, "spkid": 7668192, "full_name": 72322137, "pdes": 61648460, "name": 31412105, "prefix": 30673236, "neo": 55594288, "pha": 55076446, "H": 7668192, "diameter": 7668192, "albedo": 7668192, "diameter_sigma": 7668192, "orbit_id": 58364742, "epoch": 7668192, "epoch_mjd": 7668192, "epoch_cal": 7668192, "equinox": 59428488, "e": 7668192, "a": 7668192, "q": 7668192, "i": 7668192, "om": 7668192, "w": 7668192, "ma": 7668192, "ad": 7668192, "n": 7668192, "tp": 7668192, "tp_cal": 7668192, "per": 7668192, "per_y": 7668192, "moid": 7668192, "moid_ld": 7668192, "sigma_e": 7668192, "sigma_a": 7668192, "sigma_q": 7668192, "sigma_i": 7668192, "sigma_om": 7668192, "sigma_w": 7668192, "sigma_ma": 7668192, "sigma_ad": 7668192, "sigma_n": 7668192, "sigma_tp": 7668192, "sigma_per": 7668192, "class": 57511440, "rms": 7668192}, "memory_percentage": {"Index": 1.6241711033545785e-05, "id": 7.666094990429535, "spkid": 0.9435193834374812, "full_name": 8.89875189759477, "pdes": 7.5854278256295915, "name": 3.865047972465142, "prefix": 3.774135117998135, "neo": 6.840502733422136, "pha": 6.776785762777944, "H": 0.9435193834374812, "diameter": 0.9435193834374812, "albedo": 0.9435193834374812, "diameter_sigma": 0.9435193834374812, "orbit_id": 7.1813884402382815, "epoch": 0.9435193834374812, "epoch_mjd": 0.9435193834374812, "epoch_cal": 0.9435193834374812, "equinox": 7.31227522164048, "e": 0.9435193834374812, "a": 0.9435193834374812, "q": 0.9435193834374812, "i": 0.9435193834374812, "om": 0.9435193834374812, "w": 0.9435193834374812, "ma": 0.9435193834374812, "ad": 0.9435193834374812, "n": 0.9435193834374812, "tp": 0.9435193834374812, "tp_cal": 0.9435193834374812, "per": 0.9435193834374812, "per_y": 0.9435193834374812, "moid": 0.9435193834374812, "moid_ld": 0.9435193834374812, "sigma_e": 0.9435193834374812, "sigma_a": 0.9435193834374812, "sigma_q": 0.9435193834374812, "sigma_i": 0.9435193834374812, "sigma_om": 0.9435193834374812, "sigma_w": 0.9435193834374812, "sigma_ma": 0.9435193834374812, "sigma_ad": 0.9435193834374812, "sigma_n": 0.9435193834374812, "sigma_tp": 0.9435193834374812, "sigma_per": 0.9435193834374812, "class": 7.07639537578111, "rms": 0.9435193834374812}, "data_types": {"id": "object", "spkid": "int64", "full_name": "object", "pdes": "object", "name": "object", "prefix": "object", "neo": "object", "pha": "object", "H": "float64", "diameter": "float64", "albedo": "float64", "diameter_sigma": "float64", "orbit_id": "object", "epoch": "float64", "epoch_mjd": "int64", "epoch_cal": "float64", "equinox": "object", "e": "float64", "a": "float64", "q": "float64", "i": "float64", "om": "float64", "w": "float64", "ma": "float64", "ad": "float64", "n": "float64", "tp": "float64", "tp_cal": "float64", "per": "float64", "per_y": "float64", "moid": "float64", "moid_ld": "float64", "sigma_e": "float64", "sigma_a": "float64", "sigma_q": "float64", "sigma_i": "float64", "sigma_om": "float64", "sigma_w": "float64", "sigma_ma": "float64", "sigma_ad": "float64", "sigma_n": "float64", "sigma_tp": "float64", "sigma_per": "float64", "class": "object", "rms": "float64"}}, "sorted_columns": ["tp", "spkid", "per", "per_y", "moid", "moid_ld", "sigma_e", "sigma_a", "sigma_q", "sigma_i", "sigma_om", "sigma_w", "sigma_ma", "sigma_ad", "sigma_n", "sigma_tp", "sigma_per", "tp_cal", "rms", "n", "epoch_cal", "H", "diameter", "albedo", "diameter_sigma", "epoch", "epoch_mjd", "e", "ad", "a", "q", "i", "om", "w", "ma", "Index"]}