{"optimized_memory_usage": 387519329, "optimized_column_memory_usage": {"Index": 132, "id": 62304060, "spkid": 3834096, "full_name": 72322137, "pdes": 61648460, "name": 3890857, "prefix": 958690, "neo": 958748, "pha": 958748, "H": 3834096, "diameter": 3834096, "albedo": 3834096, "diameter_sigma": 3834096, "orbit_id": 2356431, "epoch": 3834096, "epoch_mjd": 3834096, "epoch_cal": 7668192, "equinox": 958694, "e": 3834096, "a": 7668192, "q": 3834096, "i": 3834096, "om": 3834096, "w": 3834096, "ma": 3834096, "ad": 7668192, "n": 3834096, "tp": 7668192, "tp_cal": 7668192, "per": 7668192, "per_y": 7668192, "moid": 3834096, "moid_ld": 7668192, "sigma_e": 3834096, "sigma_a": 3834096, "sigma_q": 3834096, "sigma_i": 3834096, "sigma_om": 3834096, "sigma_w": 7668192, "sigma_ma": 7668192, "sigma_ad": 3834096, "sigma_n": 3834096, "sigma_tp": 7668192, "sigma_per": 7668192, "class": 959860, "rms": 3834096}, "optimized_column_memory_percentage": {"Index": 3.406281703176669e-05, "id": 16.07766512209253, "spkid": 0.9893947767441557, "full_name": 18.66284636346488, "pdes": 15.908486464168087, "name": 1.0040420461194595, "prefix": 0.2473915307589728, "neo": 0.24740649775433524, "pha": 0.24740649775433524, "H": 0.9893947767441557, "diameter": 0.9893947767441557, "albedo": 0.9893947767441557, "diameter_sigma": 0.9893947767441557, "orbit_id": 0.6080808939468411, "epoch": 0.9893947767441557, "epoch_mjd": 0.9893947767441557, "epoch_cal": 1.9787895534883113, "equinox": 0.24739256296554954, "e": 0.9893947767441557, "a": 1.9787895534883113, "q": 0.9893947767441557, "i": 0.9893947767441557, "om": 0.9893947767441557, "w": 0.9893947767441557, "ma": 0.9893947767441557, "ad": 1.9787895534883113, "n": 0.9893947767441557, "tp": 1.9787895534883113, "tp_cal": 1.9787895534883113, "per": 1.9787895534883113, "per_y": 1.9787895534883113, "moid": 0.9893947767441557, "moid_ld": 1.9787895534883113, "sigma_e": 0.9893947767441557, "sigma_a": 0.9893947767441557, "sigma_q": 0.9893947767441557, "sigma_i": 0.9893947767441557, "sigma_om": 0.9893947767441557, "sigma_w": 1.9787895534883113, "sigma_ma": 1.9787895534883113, "sigma_ad": 0.9893947767441557, "sigma_n": 0.9893947767441557, "sigma_tp": 1.9787895534883113, "sigma_per": 1.9787895534883113, "class": 0.24769345118266345, "rms": 0.9893947767441557}}