{"p (mbar)": {"min": 913.6, "max": 1015.35, "mean": 989.212776096121, "sum": 416014422.1999998, "std_dev": 8.358480696599635}, "T (degC)": {"min": -23.01, "max": 37.28, "mean": 9.450147354304233, "sum": 3974268.9199999995, "std_dev": 8.423365210385153}, "Tdew (degC)": {"min": -25.01, "max": 23.11, "mean": 4.955853844123543, "sum": 2084189.29, "std_dev": 6.730674307693392}, "rh (%)": {"min": 12.95, "max": 100.0, "mean": 76.0082594025457, "sum": 31965349.499999996, "std_dev": 16.476175371584258}, "VPmax (mbar)": {"min": 0.95, "max": 63.77, "mean": 13.57625053798469, "sum": 5709505.739999999, "std_dev": 7.7390200574136525}, "VPact (mbar)": {"min": 0.79, "max": 28.32, "mean": 9.53375590594244, "sum": 4009430.5799999996, "std_dev": 4.184164339702184}, "sh (g/kg)": {"min": 0.5, "max": 18.13, "mean": 6.022408292929991, "sum": 2532729.8300000005, "std_dev": 2.656139025768562}}